[
    {
      "phoneNumber": "240-477-3140 x39516",
      "username": "anthony",
      "fullName": "Anthony Klocko",
      "email": "anthony@gmail.com",
      "zip": "01724-7410",
      "password": "g_yaV"
    },
    {
      "phoneNumber": "172-938-5736 x35185",
      "username": "zola",
      "fullName": "Zola Kris",
      "email": "zola@gmail.com",
      "zip": "41417-0035",
      "password": "AMT25"
    },
    {
      "phoneNumber": "1-070-315-8130 x12540",
      "username": "tony",
      "fullName": "Tony Reinger",
      "email": "tony@gmail.com",
      "zip": "65685-7506",
      "password": "DBOcK"
    },
    {
      "phoneNumber": "948.426.1055 x96116",
      "username": "reyna",
      "fullName": "Reyna Muller",
      "email": "reyna@gmail.com",
      "zip": "70061-0947",
      "password": "hfRie"
    },
    {
      "phoneNumber": "(888) 862-7969 x1318",
      "username": "carlos",
      "fullName": "Carlos Murphy",
      "email": "carlos@gmail.com",
      "zip": "84026-8518",
      "password": "GrE08"
    },
    {
      "phoneNumber": "488-864-4004 x340",
      "username": "mariano",
      "fullName": "Mariano Larkin",
      "email": "mariano@gmail.com",
      "zip": "51507-7362",
      "password": "_UdJx"
    },
    {
      "phoneNumber": "974-930-4542 x283",
      "username": "humberto",
      "fullName": "Humberto Heaney",
      "email": "humberto@gmail.com",
      "zip": "24134",
      "password": "FlMkM"
    },
    {
      "phoneNumber": "089.306.2105 x52116",
      "username": "kamron",
      "fullName": "Kamron Wisoky",
      "email": "kamron@gmail.com",
      "zip": "50834",
      "password": "fjJAO"
    },
    {
      "phoneNumber": "(026) 819-2048 x1430",
      "username": "raquel",
      "fullName": "Raquel Reinger",
      "email": "raquel@gmail.com",
      "zip": "04100-3279",
      "password": "y89w7"
    },
    {
      "phoneNumber": "1-237-216-3071",
      "username": "uriel",
      "fullName": "Uriel Anderson",
      "email": "uriel@gmail.com",
      "zip": "28098",
      "password": "rzIBU"
    },
    {
      "phoneNumber": "(939) 464-7212 x3539",
      "username": "georgiana",
      "fullName": "Georgiana Denesik",
      "email": "georgiana@gmail.com",
      "zip": "37785",
      "password": "SM8sW"
    }
  ]